Model,Accuracy,F1-Score,Recall (Sensitivity),Precision,Specificity
RandomForest_baseline,0.8428453267162944,0.7323943661971831,0.593607305936073,0.9558823529411765,0.9844357976653697
LogisticRegression_baseline,0.7731596360628619,0.6902005083309799,0.6974885844748858,0.6830631637786473,0.816147859922179
XGBoost_baseline,0.7744003308519437,0.6782659982306104,0.656392694063927,0.701647345942648,0.8414396887159533
SVM_baseline,0.760132340777502,0.6651270207852193,0.6575342465753424,0.6728971962616822,0.8184176394293126
KNN_baseline,0.7897022332506204,0.6501547987616099,0.5393835616438356,0.8181818181818182,0.9319066147859922
