Model,Threshold,Accuracy,Sensitivity,Specificity,F1-Score,Precision
Final_Stacking_Ensemble_v9,0.5,0.7428571428571429,0.3333333333333333,0.9565217391304348,0.47058823529411764,0.8
