Model,Accuracy,F1-Score,Recall (Sensitivity),Precision,Specificity
final_stacking_ridge,0.8254755996691481,0.7216358839050132,0.6244292237442922,0.8546875,0.9396887159533074
final_voting_soft,0.7452440033085195,0.6624657534246575,0.690068493150685,0.636986301369863,0.7765888456549935
