Threshold,Accuracy,F1-Score,Recall,Specificity
0.3,0.5533146264468608,0.11898996886890349,0.0760053026955369,0.8674033149171271
0.4,0.5612065941774815,0.09216255442670537,0.05612019443216969,0.8935737132887467
0.5,0.5668186601192564,0.07559880239520958,0.044631020768890854,0.9104390811282349
0.6,0.5733076113644335,0.059528411287205256,0.034025629695095004,0.9281767955801105
