Model,Accuracy,F1-Score,Recall (Sensitivity),Precision,Specificity
tuned_Random_Forest,0.8172043010752689,0.7179323548181238,0.6421232876712328,0.8140376266280752,0.9166666666666666
tuned_Logistic_Regression,0.771505376344086,0.6884691288412743,0.696917808219178,0.6802228412256267,0.8138780804150454
final_stacking_ensemble_v2,0.7688172043010753,0.6805714285714286,0.6797945205479452,0.681350114416476,0.819390402075227
tuned_XGBoost,0.7702646815550042,0.6723680330286051,0.6506849315068494,0.6955460646735815,0.8381971465629053
tuned_SVM,0.7562034739454094,0.6527245949926362,0.632420091324201,0.6743761412051126,0.8265239948119325
tuned_KNN,0.5601736972704715,0.578227245687091,0.8321917808219178,0.4430264357338195,0.4056420233463035
