Threshold,Accuracy,F1-Score,Recall,Precision,Specificity
0.3,0.47720098211153983,0.33116446039937175,0.3261157755192223,0.33637192342752964,0.5766211107880198
0.4,0.5047351806383725,0.2300981461286805,0.1864781263809103,0.300355871886121,0.7141610933410876
0.5,0.5391090845317432,0.15661103979460847,0.10782147591692444,0.28604923798358733,0.8229136376853736
0.6,0.5608558400561207,0.07669616519174041,0.04595669465311533,0.23162583518930957,0.899680139575458
